<?xml version="1.0" encoding="UTF-8"?>
<metadata>
  <groupId>org.springframework.boot</groupId>
  <artifactId>spring-boot-maven-plugin</artifactId>
  <versioning>
    <latest>2.5.4</latest>
    <release>2.5.4</release>
    <versions>
      <version>1.0.0.RELEASE</version>
      <version>1.0.1.RELEASE</version>
      <version>1.0.2.RELEASE</version>
      <version>1.1.0.RELEASE</version>
      <version>1.1.1.RELEASE</version>
      <version>1.1.2.RELEASE</version>
      <version>1.1.3.RELEASE</version>
      <version>1.1.4.RELEASE</version>
      <version>1.1.5.RELEASE</version>
      <version>1.1.6.RELEASE</version>
      <version>1.1.7.RELEASE</version>
      <version>1.1.8.RELEASE</version>
      <version>1.1.9.RELEASE</version>
      <version>1.1.10.RELEASE</version>
      <version>1.1.11.RELEASE</version>
      <version>1.1.12.RELEASE</version>
      <version>1.2.0.RELEASE</version>
      <version>1.2.1.RELEASE</version>
      <version>1.2.2.RELEASE</version>
      <version>1.2.3.RELEASE</version>
      <version>1.2.4.RELEASE</version>
      <version>1.2.5.RELEASE</version>
      <version>1.2.6.RELEASE</version>
      <version>1.2.7.RELEASE</version>
      <version>1.2.8.RELEASE</version>
      <version>1.3.0.RELEASE</version>
      <version>1.3.1.RELEASE</version>
      <version>1.3.2.RELEASE</version>
      <version>1.3.3.RELEASE</version>
      <version>1.3.4.RELEASE</version>
      <version>1.3.5.RELEASE</version>
      <version>1.3.6.RELEASE</version>
      <version>1.3.7.RELEASE</version>
      <version>1.3.8.RELEASE</version>
      <version>1.4.0.RELEASE</version>
      <version>1.4.1.RELEASE</version>
      <version>1.4.2.RELEASE</version>
      <version>1.4.3.RELEASE</version>
      <version>1.4.4.RELEASE</version>
      <version>1.4.5.RELEASE</version>
      <version>1.4.6.RELEASE</version>
      <version>1.4.7.RELEASE</version>
      <version>1.5.0.RELEASE</version>
      <version>1.5.1.RELEASE</version>
      <version>1.5.2.RELEASE</version>
      <version>1.5.3.RELEASE</version>
      <version>1.5.4.RELEASE</version>
      <version>1.5.5.RELEASE</version>
      <version>1.5.6.RELEASE</version>
      <version>1.5.7.RELEASE</version>
      <version>1.5.8.RELEASE</version>
      <version>1.5.9.RELEASE</version>
      <version>1.5.10.RELEASE</version>
      <version>1.5.11.RELEASE</version>
      <version>1.5.12.RELEASE</version>
      <version>1.5.13.RELEASE</version>
      <version>1.5.14.RELEASE</version>
      <version>1.5.15.RELEASE</version>
      <version>1.5.16.RELEASE</version>
      <version>1.5.17.RELEASE</version>
      <version>1.5.18.RELEASE</version>
      <version>1.5.19.RELEASE</version>
      <version>1.5.20.RELEASE</version>
      <version>1.5.21.RELEASE</version>
      <version>1.5.22.RELEASE</version>
      <version>2.0.0.RELEASE</version>
      <version>2.0.1.RELEASE</version>
      <version>2.0.2.RELEASE</version>
      <version>2.0.3.RELEASE</version>
      <version>2.0.4.RELEASE</version>
      <version>2.0.5.RELEASE</version>
      <version>2.0.6.RELEASE</version>
      <version>2.0.7.RELEASE</version>
      <version>2.0.8.RELEASE</version>
      <version>2.0.9.RELEASE</version>
      <version>2.1.0.RELEASE</version>
      <version>2.1.1.RELEASE</version>
      <version>2.1.2.RELEASE</version>
      <version>2.1.3.RELEASE</version>
      <version>2.1.4.RELEASE</version>
      <version>2.1.5.RELEASE</version>
      <version>2.1.6.RELEASE</version>
      <version>2.1.7.RELEASE</version>
      <version>2.1.8.RELEASE</version>
      <version>2.1.9.RELEASE</version>
      <version>2.1.10.RELEASE</version>
      <version>2.1.11.RELEASE</version>
      <version>2.1.12.RELEASE</version>
      <version>2.1.13.RELEASE</version>
      <version>2.1.14.RELEASE</version>
      <version>2.1.15.RELEASE</version>
      <version>2.1.16.RELEASE</version>
      <version>2.1.17.RELEASE</version>
      <version>2.1.18.RELEASE</version>
      <version>2.2.0.RELEASE</version>
      <version>2.2.1.RELEASE</version>
      <version>2.2.2.RELEASE</version>
      <version>2.2.3.RELEASE</version>
      <version>2.2.4.RELEASE</version>
      <version>2.2.5.RELEASE</version>
      <version>2.2.6.RELEASE</version>
      <version>2.2.7.RELEASE</version>
      <version>2.2.8.RELEASE</version>
      <version>2.2.9.RELEASE</version>
      <version>2.2.10.RELEASE</version>
      <version>2.2.11.RELEASE</version>
      <version>2.2.12.RELEASE</version>
      <version>2.2.13.RELEASE</version>
      <version>2.3.0.RELEASE</version>
      <version>2.3.1.RELEASE</version>
      <version>2.3.2.RELEASE</version>
      <version>2.3.3.RELEASE</version>
      <version>2.3.4.RELEASE</version>
      <version>2.3.5.RELEASE</version>
      <version>2.3.6.RELEASE</version>
      <version>2.3.7.RELEASE</version>
      <version>2.3.8.RELEASE</version>
      <version>2.3.9.RELEASE</version>
      <version>2.3.10.RELEASE</version>
      <version>2.3.11.RELEASE</version>
      <version>2.3.12.RELEASE</version>
      <version>2.4.0</version>
      <version>2.4.1</version>
      <version>2.4.2</version>
      <version>2.4.3</version>
      <version>2.4.4</version>
      <version>2.4.5</version>
      <version>2.4.6</version>
      <version>2.4.7</version>
      <version>2.4.8</version>
      <version>2.4.9</version>
      <version>2.4.10</version>
      <version>2.5.0</version>
      <version>2.5.1</version>
      <version>2.5.2</version>
      <version>2.5.3</version>
      <version>2.5.4</version>
    </versions>
    <lastUpdated>20210819123706</lastUpdated>
  </versioning>
</metadata>
